,acc_svm,gs_svm,dp_svm,eo_svm,acc_trad,gs_trad,dp_trad,eo_trad,acc_SFCCA,gs_SFCCA,dp_SFCCA,eo_SFCCA,acc_MFCCA,gs_MFCCA,dp_MFCCA,eo_MFCCA,acc_FRCCA,gs_FRCCA,dp_FRCCA,eo_FRCCA
SVM,0.5266666666666666,0.31025641025641026,0.10178710178710182,0.0,0.4666666666666667,0.2931187766714083,0.12742812742812745,0.030825496342737735,0.5066666666666667,0.29347439544807963,0.07148407148407152,0.023249738766980152,0.5066666666666667,0.29374999999999996,0.015540015540015523,0.0,0.5866666666666667,0.246875,0.0,0.0
CCA,0.5133333333333333,0.3085328850254223,0.022775423728813582,0.25287356321839083,0.4533333333333333,0.2810332456350155,0.01959745762711862,0.11438635520949202,0.5133333333333333,0.3319487235915493,0.13029661016949154,0.19327030033370413,0.5333333333333333,0.29354207436399216,0.12764830508474578,0.27011494252873564,0.41333333333333333,0.1668767507002801,0.07415254237288137,0.0385613644790508
SFCCA,0.42,0.2903918411164788,0.16083916083916083,0.0,0.5066666666666667,0.29330357142857144,0.015540015540015523,0.007053291536050166,0.49333333333333335,0.2938135139953646,0.07148407148407152,0.023249738766980152,0.4866666666666667,0.29353632478632474,0.08003108003108003,0.0,0.5933333333333334,0.2281417830290011,0.05205905205905205,0.015151515151515152
MFCCA,0.5333333333333333,0.2946859903381642,0.08944099378881987,0.26436781609195403,0.47333333333333333,0.23341642431796147,0.06583850931677021,0.1289360571814933,0.5533333333333333,0.29283045721401885,0.09068322981366456,0.12390128465179176,0.54,0.3590995639088508,0.10559006211180122,0.2988505747126437,0.5866666666666667,0.307183908045977,0.0,0.0
FRCCA,0.4666666666666667,0.31377268298623795,0.13336713995943206,0.0,0.46,0.2902355691422406,0.15567951318458417,0.036764705882352935,0.5133333333333333,0.29333333333333333,0.07961460446247468,0.02205882352941177,0.4666666666666667,0.29527126099706746,0.1643002028397566,0.0,0.5733333333333334,0.25957446808510637,0.0035496957403651167,0.007352941176470588
