,acc_svm,gs_svm,dp_svm,eo_svm,acc_trad,gs_trad,dp_trad,eo_trad,acc_SFCCA,gs_SFCCA,dp_SFCCA,eo_SFCCA,acc_MFCCA,gs_MFCCA,dp_MFCCA,eo_MFCCA,acc_FRCCA,gs_FRCCA,dp_FRCCA,eo_FRCCA
SVM,0.47333333333333333,0.1973034789936198,0.014763014763014781,0.0,0.49333333333333335,0.29378633720930236,0.04195804195804198,0.0135841170323929,0.4866666666666667,0.2725183823529412,0.10178710178710182,0.030825496342737735,0.48,0.29347439544807963,0.0497280497280497,0.0,0.5866666666666667,0.2495300751879699,0.04351204351204346,0.015151515151515152
CCA,0.5333333333333333,0.2930083615015122,0.15625,0.25287356321839083,0.47333333333333333,0.2917933130699088,0.0847457627118644,0.13857990359658878,0.46,0.2931187766714083,0.1361228813559322,0.19327030033370413,0.52,0.29600227138590307,0.19597457627118642,0.2471264367816092,0.5933333333333334,0.09865107913669065,0.008474576271186429,0.008064516129032258
SFCCA,0.5466666666666666,0.2919642857142857,0.015540015540015523,0.0,0.52,0.29347439544807963,0.06682206682206682,0.015673981191222555,0.5,0.2924107142857143,0.0023310023310023353,0.0005224660397074171,0.5066666666666667,0.29336417007649884,0.0497280497280497,0.0,0.42,0.2885299827437446,0.014763014763014767,0.023510971786833867
MFCCA,0.4866666666666667,0.29332472006890614,0.023602484472049712,0.2816091954022989,0.4666666666666667,0.29365220483641535,0.17639751552795027,0.1813665121220902,0.4666666666666667,0.29598189020939447,0.08198757763975154,0.1385769825171448,0.4533333333333333,0.29333333333333333,0.13913043478260867,0.22988505747126436,0.6066666666666667,0.13308133472367048,0.01614906832298136,0.02514971505843718
FRCCA,0.46,0.29374999999999996,0.16277890466531442,0.0,0.49333333333333335,0.30382943143812713,0.12271805273833672,0.04884453781512604,0.5866666666666667,0.2781520562770563,0.17799188640973632,0.020483193277310935,0.5266666666666666,0.30322338830584705,0.0831643002028398,0.0,0.5866666666666667,0.3088235294117647,0.1039553752535497,0.03676470588235294
